{
  "title": "Rpi Fan PID Controller",
  "config": {
    "step": {
      "user": {
        "title": "Configure PID Controller",
        "description": "Enter a name and choose the sensor to drive the PID loop.",
        "data": {
          "name": "Name",
          "sensor_entity_id": "Sensor Entity",
          "input_range_min": "Minimum Input Range",
          "input_range_max": "Maximum Input Range",
          "output_range_min": "Minimum Output Range",
          "output_range_max": "Maximum Output Range",
          "pigpio_host": "Pigpio Host",
          "pigpio_port": "Pigpio Port",
          "pigpio_pin": "Pigpio Pin"}
      }
    },
    "abort": {
      "single_instance_allowed": "Only a single instance of Rpi Fan PID Controller is allowed."
    }
  },
  "options": {
    "step": {
      "init": {
        "title": "Edit PID Controller Options",
        "description": "Modify the sensor entity used by the controller.",
        "data": {
          "sensor_entity_id": "Sensor Entity",
          "input_range_min": "Minimum Input Range",
          "input_range_max": "Maximum Input Range",
          "output_range_min": "Minimum Output Range",
          "output_range_max": "Maximum Output Range",
          "pigpio_host": "Pigpio Host",
          "pigpio_port": "Pigpio Port",
          "pigpio_pin": "Pigpio Pin"
        }
      }
    }
  }
}
